"","month","SettlementPoint","year","AvgPrice"
"1",1,"HB_BUSAVG",2016,19.2093010752688
"2",1,"HB_BUSAVG",2017,23.2527822580645
"3",1,"HB_BUSAVG",2018,37.8696774193548
"4",1,"HB_BUSAVG",2019,24.5925672043011
"5",1,"HB_HOUSTON",2016,19.5657258064516
"6",1,"HB_HOUSTON",2017,24.7818548387097
"7",1,"HB_HOUSTON",2018,37.9447849462366
"8",1,"HB_HOUSTON",2019,25.4260349462366
"9",1,"HB_HUBAVG",2016,19.2586962365591
"10",1,"HB_HUBAVG",2017,23.3255510752688
"11",1,"HB_HUBAVG",2018,37.7730376344086
"12",1,"HB_HUBAVG",2019,24.6834005376344
"13",1,"HB_NORTH",2016,19.1333064516129
"14",1,"HB_NORTH",2017,22.9918548387097
"15",1,"HB_NORTH",2018,37.5859005376344
"16",1,"HB_NORTH",2019,24.3326344086021
"17",1,"HB_SOUTH",2016,19.2100537634409
"18",1,"HB_SOUTH",2017,23.624811827957
"19",1,"HB_SOUTH",2018,39.4981451612903
"20",1,"HB_SOUTH",2019,25.086061827957
"21",1,"HB_WEST",2016,19.1265591397849
"22",1,"HB_WEST",2017,21.9017204301075
"23",1,"HB_WEST",2018,36.0516397849462
"24",1,"HB_WEST",2019,23.8815456989247
"25",1,"LZ_AEN",2016,19.3246639784946
"26",1,"LZ_AEN",2017,23.4044758064516
"27",1,"LZ_AEN",2018,38.8379838709677
"28",1,"LZ_AEN",2019,25.1079569892473
"29",1,"LZ_CPS",2016,19.3538440860215
"30",1,"LZ_CPS",2017,23.7725672043011
"31",1,"LZ_CPS",2018,41.312876344086
"32",1,"LZ_CPS",2019,26.7983333333333
"33",1,"LZ_HOUSTON",2016,19.563938172043
"34",1,"LZ_HOUSTON",2017,24.8273655913979
"35",1,"LZ_HOUSTON",2018,38.0449865591398
"36",1,"LZ_HOUSTON",2019,25.5500806451613
"37",1,"LZ_LCRA",2016,19.3174596774194
"38",1,"LZ_LCRA",2017,23.4362768817204
"39",1,"LZ_LCRA",2018,38.9925672043011
"40",1,"LZ_LCRA",2019,24.9363037634409
"41",1,"LZ_NORTH",2016,19.187997311828
"42",1,"LZ_NORTH",2017,23.6030241935484
"43",1,"LZ_NORTH",2018,37.7285215053763
"44",1,"LZ_NORTH",2019,24.3678360215054
"45",1,"LZ_RAYBN",2016,19.4479435483871
"46",1,"LZ_RAYBN",2017,23.3901075268817
"47",1,"LZ_RAYBN",2018,39.3701478494624
"48",1,"LZ_RAYBN",2019,24.4114919354839
"49",1,"LZ_SOUTH",2016,19.4817204301075
"50",1,"LZ_SOUTH",2017,25.1554838709677
"51",1,"LZ_SOUTH",2018,46.1325672043011
"52",1,"LZ_SOUTH",2019,27.0579032258065
"53",1,"LZ_WEST",2016,19.5192607526882
"54",1,"LZ_WEST",2017,23.2313709677419
"55",1,"LZ_WEST",2018,37.2933064516129
"56",1,"LZ_WEST",2019,27.4615322580645
"57",2,"HB_BUSAVG",2016,15.2882471264368
"58",2,"HB_BUSAVG",2017,20.1178273809524
"59",2,"HB_BUSAVG",2018,21.8543154761905
"60",2,"HB_BUSAVG",2019,21.186369047619
"61",2,"HB_HOUSTON",2016,15.4645402298851
"62",2,"HB_HOUSTON",2017,23.2657142857143
"63",2,"HB_HOUSTON",2018,22.1641071428571
"64",2,"HB_HOUSTON",2019,21.5078125
"65",2,"HB_HUBAVG",2016,15.2692528735632
"66",2,"HB_HUBAVG",2017,20.3521279761905
"67",2,"HB_HUBAVG",2018,21.8300595238095
"68",2,"HB_HUBAVG",2019,21.2506398809524
"69",2,"HB_NORTH",2016,15.292658045977
"70",2,"HB_NORTH",2017,19.4481994047619
"71",2,"HB_NORTH",2018,21.7670238095238
"72",2,"HB_NORTH",2019,20.8649553571429
"73",2,"HB_SOUTH",2016,15.333591954023
"74",2,"HB_SOUTH",2017,21.0793601190476
"75",2,"HB_SOUTH",2018,22.3063988095238
"76",2,"HB_SOUTH",2019,22.1256398809524
"77",2,"HB_WEST",2016,14.9886637931034
"78",2,"HB_WEST",2017,17.616681547619
"79",2,"HB_WEST",2018,21.0876041666667
"80",2,"HB_WEST",2019,20.4911607142857
"81",2,"LZ_AEN",2016,15.4482902298851
"82",2,"LZ_AEN",2017,20.6053273809524
"83",2,"LZ_AEN",2018,21.9138839285714
"84",2,"LZ_AEN",2019,21.5138095238095
"85",2,"LZ_CPS",2016,15.5200143678161
"86",2,"LZ_CPS",2017,20.9194791666667
"87",2,"LZ_CPS",2018,22.5173958333333
"88",2,"LZ_CPS",2019,24.110119047619
"89",2,"LZ_HOUSTON",2016,15.4879885057471
"90",2,"LZ_HOUSTON",2017,23.5172172619048
"91",2,"LZ_HOUSTON",2018,22.3758482142857
"92",2,"LZ_HOUSTON",2019,21.644255952381
"93",2,"LZ_LCRA",2016,15.4885488505747
"94",2,"LZ_LCRA",2017,20.660818452381
"95",2,"LZ_LCRA",2018,21.7622470238095
"96",2,"LZ_LCRA",2019,21.6669791666667
"97",2,"LZ_NORTH",2016,15.4622126436782
"98",2,"LZ_NORTH",2017,19.5500148809524
"99",2,"LZ_NORTH",2018,21.8404613095238
"100",2,"LZ_NORTH",2019,20.8511458333333
"101",2,"LZ_RAYBN",2016,15.4004310344828
"102",2,"LZ_RAYBN",2017,20.3691517857143
"103",2,"LZ_RAYBN",2018,22.4031696428571
"104",2,"LZ_RAYBN",2019,21.0662797619048
"105",2,"LZ_SOUTH",2016,15.9358620689655
"106",2,"LZ_SOUTH",2017,21.7936904761905
"107",2,"LZ_SOUTH",2018,25.1970386904762
"108",2,"LZ_SOUTH",2019,23.7289583333333
"109",2,"LZ_WEST",2016,15.0444827586207
"110",2,"LZ_WEST",2017,18.4770535714286
"111",2,"LZ_WEST",2018,22.1241071428571
"112",2,"LZ_WEST",2019,22.7989583333333
"113",3,"HB_BUSAVG",2016,16.7556258411844
"114",3,"HB_BUSAVG",2017,22.5698923283984
"115",3,"HB_BUSAVG",2018,22.5619784656797
"116",3,"HB_BUSAVG",2019,27.5657200538358
"117",3,"HB_HOUSTON",2016,17.1249528936743
"118",3,"HB_HOUSTON",2017,28.2132974427995
"119",3,"HB_HOUSTON",2018,23.7825437415882
"120",3,"HB_HOUSTON",2019,27.8320323014805
"121",3,"HB_HUBAVG",2016,16.6543472409152
"122",3,"HB_HUBAVG",2017,23.2332301480485
"123",3,"HB_HUBAVG",2018,22.4034320323015
"124",3,"HB_HUBAVG",2019,27.1890309555855
"125",3,"HB_NORTH",2016,16.8593674293405
"126",3,"HB_NORTH",2017,21.2277792732167
"127",3,"HB_NORTH",2018,22.6080080753701
"128",3,"HB_NORTH",2019,28.1037146702557
"129",3,"HB_SOUTH",2016,16.7631090174966
"130",3,"HB_SOUTH",2017,23.6807537012113
"131",3,"HB_SOUTH",2018,22.8884522207268
"132",3,"HB_SOUTH",2019,27.1355585464334
"133",3,"HB_WEST",2016,15.871668909825
"134",3,"HB_WEST",2017,19.8135935397039
"135",3,"HB_WEST",2018,20.3336204576043
"136",3,"HB_WEST",2019,25.6696769851952
"137",3,"LZ_AEN",2016,16.8550740242261
"138",3,"LZ_AEN",2017,22.9970121130552
"139",3,"LZ_AEN",2018,22.2028263795424
"140",3,"LZ_AEN",2019,27.7421803499327
"141",3,"LZ_CPS",2016,16.8981830417227
"142",3,"LZ_CPS",2017,23.8615477792732
"143",3,"LZ_CPS",2018,25.2892732166891
"144",3,"LZ_CPS",2019,29.3516958277254
"145",3,"LZ_HOUSTON",2016,17.2067294751009
"146",3,"LZ_HOUSTON",2017,28.7420053835801
"147",3,"LZ_HOUSTON",2018,23.9334589502019
"148",3,"LZ_HOUSTON",2019,28.0803230148048
"149",3,"LZ_LCRA",2016,16.7962987886945
"150",3,"LZ_LCRA",2017,23.437133243607
"151",3,"LZ_LCRA",2018,22.0513055181696
"152",3,"LZ_LCRA",2019,27.6493135935397
"153",3,"LZ_NORTH",2016,17.4615074024226
"154",3,"LZ_NORTH",2017,21.8394078061911
"155",3,"LZ_NORTH",2018,22.6405518169583
"156",3,"LZ_NORTH",2019,28.5940376850606
"157",3,"LZ_RAYBN",2016,17.1172409152086
"158",3,"LZ_RAYBN",2017,21.9071601615074
"159",3,"LZ_RAYBN",2018,23.8057065948856
"160",3,"LZ_RAYBN",2019,29.809798115747
"161",3,"LZ_SOUTH",2016,19.5211440107672
"162",3,"LZ_SOUTH",2017,26.5282099596232
"163",3,"LZ_SOUTH",2018,26.7599730820996
"164",3,"LZ_SOUTH",2019,30.5294885598923
"165",3,"LZ_WEST",2016,16.0026514131898
"166",3,"LZ_WEST",2017,20.251197846568
"167",3,"LZ_WEST",2018,22.3016285329744
"168",3,"LZ_WEST",2019,31.2829609690444
"169",4,"HB_BUSAVG",2016,18.2893472222222
"170",4,"HB_BUSAVG",2017,23.7050833333333
"171",4,"HB_BUSAVG",2018,23.1429583333333
"172",4,"HB_BUSAVG",2019,22.6131805555556
"173",4,"HB_HOUSTON",2016,18.9409583333333
"174",4,"HB_HOUSTON",2017,32.2957361111111
"175",4,"HB_HOUSTON",2018,24.6526944444444
"176",4,"HB_HOUSTON",2019,23.8706527777778
"177",4,"HB_HUBAVG",2016,18.1668611111111
"178",4,"HB_HUBAVG",2017,24.8304861111111
"179",4,"HB_HUBAVG",2018,22.4503055555556
"180",4,"HB_HUBAVG",2019,22.2211666666667
"181",4,"HB_NORTH",2016,18.3506666666667
"182",4,"HB_NORTH",2017,21.4105555555556
"183",4,"HB_NORTH",2018,23.5229166666667
"184",4,"HB_NORTH",2019,22.9974027777778
"185",4,"HB_PAN",2019,16.5487666666667
"186",4,"HB_SOUTH",2016,18.5129027777778
"187",4,"HB_SOUTH",2017,25.6094027777778
"188",4,"HB_SOUTH",2018,24.4718888888889
"189",4,"HB_SOUTH",2019,22.4633333333333
"190",4,"HB_WEST",2016,16.86275
"191",4,"HB_WEST",2017,19.9960972222222
"192",4,"HB_WEST",2018,17.156625
"193",4,"HB_WEST",2019,19.551875
"194",4,"LZ_AEN",2016,18.2560694444444
"195",4,"LZ_AEN",2017,24.1180833333333
"196",4,"LZ_AEN",2018,22.1884861111111
"197",4,"LZ_AEN",2019,23.2703472222222
"198",4,"LZ_CPS",2016,19.0693611111111
"199",4,"LZ_CPS",2017,25.3379027777778
"200",4,"LZ_CPS",2018,26.535375
"201",4,"LZ_CPS",2019,25.3635972222222
"202",4,"LZ_HOUSTON",2016,19.1289305555556
"203",4,"LZ_HOUSTON",2017,32.9670694444444
"204",4,"LZ_HOUSTON",2018,24.7283472222222
"205",4,"LZ_HOUSTON",2019,24.2645833333333
"206",4,"LZ_LCRA",2016,18.3927083333333
"207",4,"LZ_LCRA",2017,24.4774166666667
"208",4,"LZ_LCRA",2018,22.6440277777778
"209",4,"LZ_LCRA",2019,23.3147638888889
"210",4,"LZ_NORTH",2016,19.0876388888889
"211",4,"LZ_NORTH",2017,21.9758055555556
"212",4,"LZ_NORTH",2018,24.3668888888889
"213",4,"LZ_NORTH",2019,23.7184305555556
"214",4,"LZ_RAYBN",2016,18.8553611111111
"215",4,"LZ_RAYBN",2017,22.2134305555556
"216",4,"LZ_RAYBN",2018,27.198875
"217",4,"LZ_RAYBN",2019,24.9983055555556
"218",4,"LZ_SOUTH",2016,20.738
"219",4,"LZ_SOUTH",2017,28.5498888888889
"220",4,"LZ_SOUTH",2018,28.1869722222222
"221",4,"LZ_SOUTH",2019,27.1478333333333
"222",4,"LZ_WEST",2016,17.1536666666667
"223",4,"LZ_WEST",2017,20.3885694444444
"224",4,"LZ_WEST",2018,21.128125
"225",4,"LZ_WEST",2019,21.6992361111111
"226",5,"HB_BUSAVG",2016,18.1595833333333
"227",5,"HB_BUSAVG",2017,25.0873521505376
"228",5,"HB_BUSAVG",2018,34.0052419354839
"229",5,"HB_BUSAVG",2019,23.9599327956989
"230",5,"HB_HOUSTON",2016,19.1740860215054
"231",5,"HB_HOUSTON",2017,31.5331720430108
"232",5,"HB_HOUSTON",2018,34.1475537634409
"233",5,"HB_HOUSTON",2019,24.7942741935484
"234",5,"HB_HUBAVG",2016,18.247002688172
"235",5,"HB_HUBAVG",2017,25.9050268817204
"236",5,"HB_HUBAVG",2018,32.8348521505376
"237",5,"HB_HUBAVG",2019,23.8837634408602
"238",5,"HB_NORTH",2016,17.9056317204301
"239",5,"HB_NORTH",2017,23.4199193548387
"240",5,"HB_NORTH",2018,35.3061424731183
"241",5,"HB_NORTH",2019,23.9788844086022
"242",5,"HB_PAN",2019,16.4143279569892
"243",5,"HB_SOUTH",2016,18.5704569892473
"244",5,"HB_SOUTH",2017,26.4950134408602
"245",5,"HB_SOUTH",2018,34.2260752688172
"246",5,"HB_SOUTH",2019,24.0599462365591
"247",5,"HB_WEST",2016,17.3376747311828
"248",5,"HB_WEST",2017,22.1666129032258
"249",5,"HB_WEST",2018,27.6920161290323
"250",5,"HB_WEST",2019,22.7026612903226
"251",5,"LZ_AEN",2016,18.1249059139785
"252",5,"LZ_AEN",2017,25.2938440860215
"253",5,"LZ_AEN",2018,33.1661693548387
"254",5,"LZ_AEN",2019,24.6762365591398
"255",5,"LZ_CPS",2016,18.4798655913979
"256",5,"LZ_CPS",2017,26.5370295698925
"257",5,"LZ_CPS",2018,36.0555913978495
"258",5,"LZ_CPS",2019,26.2460752688172
"259",5,"LZ_HOUSTON",2016,19.9039919354839
"260",5,"LZ_HOUSTON",2017,32.3626478494624
"261",5,"LZ_HOUSTON",2018,35.5330376344086
"262",5,"LZ_HOUSTON",2019,25.1536155913978
"263",5,"LZ_LCRA",2016,18.1827822580645
"264",5,"LZ_LCRA",2017,25.6379569892473
"265",5,"LZ_LCRA",2018,34.7354032258065
"266",5,"LZ_LCRA",2019,24.5086827956989
"267",5,"LZ_NORTH",2016,18.1828897849462
"268",5,"LZ_NORTH",2017,24.5575134408602
"269",5,"LZ_NORTH",2018,37.4518817204301
"270",5,"LZ_NORTH",2019,24.0114516129032
"271",5,"LZ_RAYBN",2016,18.3209946236559
"272",5,"LZ_RAYBN",2017,24.0013306451613
"273",5,"LZ_RAYBN",2018,40.95125
"274",5,"LZ_RAYBN",2019,24.7881586021505
"275",5,"LZ_SOUTH",2016,20.691747311828
"276",5,"LZ_SOUTH",2017,29.9797311827957
"277",5,"LZ_SOUTH",2018,41.2744220430108
"278",5,"LZ_SOUTH",2019,27.2109946236559
"279",5,"LZ_WEST",2016,17.7375268817204
"280",5,"LZ_WEST",2017,22.8677956989247
"281",5,"LZ_WEST",2018,49.6001209677419
"282",5,"LZ_WEST",2019,28.8519892473118
"283",6,"HB_BUSAVG",2016,23.9098194444444
"284",6,"HB_BUSAVG",2017,27.6691527777778
"285",6,"HB_BUSAVG",2018,29.966125
"286",6,"HB_BUSAVG",2019,25.0855416666667
"287",6,"HB_HOUSTON",2016,26.2557361111111
"288",6,"HB_HOUSTON",2017,33.1683472222222
"289",6,"HB_HOUSTON",2018,30.6284861111111
"290",6,"HB_HOUSTON",2019,26.8976805555556
"291",6,"HB_HUBAVG",2016,24.2978472222222
"292",6,"HB_HUBAVG",2017,28.5138472222222
"293",6,"HB_HUBAVG",2018,29.7818611111111
"294",6,"HB_HUBAVG",2019,25.1715416666667
"295",6,"HB_NORTH",2016,23.1580555555556
"296",6,"HB_NORTH",2017,25.8905694444444
"297",6,"HB_NORTH",2018,30.2118888888889
"298",6,"HB_NORTH",2019,25.1758194444444
"299",6,"HB_PAN",2019,20.7313194444444
"300",6,"HB_SOUTH",2016,24.645375
"301",6,"HB_SOUTH",2017,29.6546944444444
"302",6,"HB_SOUTH",2018,30.0686388888889
"303",6,"HB_SOUTH",2019,23.9043611111111
"304",6,"HB_WEST",2016,23.1419305555556
"305",6,"HB_WEST",2017,25.3316944444444
"306",6,"HB_WEST",2018,28.2770277777778
"307",6,"HB_WEST",2019,24.7085555555556
"308",6,"LZ_AEN",2016,24.2375138888889
"309",6,"LZ_AEN",2017,27.9166388888889
"310",6,"LZ_AEN",2018,30.286125
"311",6,"LZ_AEN",2019,24.4167916666667
"312",6,"LZ_CPS",2016,24.9580694444444
"313",6,"LZ_CPS",2017,30.416
"314",6,"LZ_CPS",2018,30.7272777777778
"315",6,"LZ_CPS",2019,26.3912916666667
"316",6,"LZ_HOUSTON",2016,29.9150833333333
"317",6,"LZ_HOUSTON",2017,33.6689166666667
"318",6,"LZ_HOUSTON",2018,31.8023472222222
"319",6,"LZ_HOUSTON",2019,27.2267361111111
"320",6,"LZ_LCRA",2016,24.1644166666667
"321",6,"LZ_LCRA",2017,28.6390833333333
"322",6,"LZ_LCRA",2018,30.3655555555556
"323",6,"LZ_LCRA",2019,24.5195416666667
"324",6,"LZ_NORTH",2016,23.5626805555556
"325",6,"LZ_NORTH",2017,26.8937361111111
"326",6,"LZ_NORTH",2018,31.3016111111111
"327",6,"LZ_NORTH",2019,25.2079166666667
"328",6,"LZ_RAYBN",2016,23.3159444444444
"329",6,"LZ_RAYBN",2017,26.1250416666667
"330",6,"LZ_RAYBN",2018,31.9455833333333
"331",6,"LZ_RAYBN",2019,25.4585138888889
"332",6,"LZ_SOUTH",2016,27.4716527777778
"333",6,"LZ_SOUTH",2017,36.7834444444444
"334",6,"LZ_SOUTH",2018,32.2586805555556
"335",6,"LZ_SOUTH",2019,27.2595972222222
"336",6,"LZ_WEST",2016,23.4887638888889
"337",6,"LZ_WEST",2017,27.5123194444444
"338",6,"LZ_WEST",2018,57.9675277777778
"339",6,"LZ_WEST",2019,32.0267777777778
"340",7,"HB_BUSAVG",2016,27.1874731182796
"341",7,"HB_BUSAVG",2017,31.4542741935484
"342",7,"HB_BUSAVG",2018,78.8594489247312
"343",7,"HB_BUSAVG",2019,29.729623655914
"344",7,"HB_HOUSTON",2016,29.5389247311828
"345",7,"HB_HOUSTON",2017,34.3758333333333
"346",7,"HB_HOUSTON",2018,79.0340456989247
"347",7,"HB_HOUSTON",2019,29.9110080645161
"348",7,"HB_HUBAVG",2016,27.4592069892473
"349",7,"HB_HUBAVG",2017,31.8644086021505
"350",7,"HB_HUBAVG",2018,78.8323252688172
"351",7,"HB_HUBAVG",2019,29.6962365591398
"352",7,"HB_NORTH",2016,26.8007930107527
"353",7,"HB_NORTH",2017,30.654314516129
"354",7,"HB_NORTH",2018,78.9684543010753
"355",7,"HB_NORTH",2019,29.7812903225806
"356",7,"HB_PAN",2019,28.3845698924731
"357",7,"HB_SOUTH",2016,26.9602553763441
"358",7,"HB_SOUTH",2017,32.1294623655914
"359",7,"HB_SOUTH",2018,78.8473790322581
"360",7,"HB_SOUTH",2019,29.6375
"361",7,"HB_WEST",2016,26.543561827957
"362",7,"HB_WEST",2017,30.2936424731183
"363",7,"HB_WEST",2018,78.5175537634409
"364",7,"HB_WEST",2019,29.4554704301075
"365",7,"LZ_AEN",2016,27.9761021505376
"366",7,"LZ_AEN",2017,31.401438172043
"367",7,"LZ_AEN",2018,78.9513709677419
"368",7,"LZ_AEN",2019,29.7090860215054
"369",7,"LZ_CPS",2016,27.9679569892473
"370",7,"LZ_CPS",2017,32.1152956989247
"371",7,"LZ_CPS",2018,79.124435483871
"372",7,"LZ_CPS",2019,30.6671774193548
"373",7,"LZ_HOUSTON",2016,29.9118682795699
"374",7,"LZ_HOUSTON",2017,34.7258333333333
"375",7,"LZ_HOUSTON",2018,79.5665322580645
"376",7,"LZ_HOUSTON",2019,30.013064516129
"377",7,"LZ_LCRA",2016,27.5922177419355
"378",7,"LZ_LCRA",2017,31.9057123655914
"379",7,"LZ_LCRA",2018,79.0699462365591
"380",7,"LZ_LCRA",2019,29.7479166666667
"381",7,"LZ_NORTH",2016,27.4157795698925
"382",7,"LZ_NORTH",2017,31.1868413978495
"383",7,"LZ_NORTH",2018,79.8461827956989
"384",7,"LZ_NORTH",2019,29.8349462365591
"385",7,"LZ_RAYBN",2016,27.4710752688172
"386",7,"LZ_RAYBN",2017,30.760497311828
"387",7,"LZ_RAYBN",2018,84.9019086021505
"388",7,"LZ_RAYBN",2019,30.0297177419355
"389",7,"LZ_SOUTH",2016,28.8895833333333
"390",7,"LZ_SOUTH",2017,34.1932930107527
"391",7,"LZ_SOUTH",2018,80.4475672043011
"392",7,"LZ_SOUTH",2019,31.1321639784946
"393",7,"LZ_WEST",2016,27.1787903225806
"394",7,"LZ_WEST",2017,31.1301747311828
"395",7,"LZ_WEST",2018,101.470967741935
"396",7,"LZ_WEST",2019,32.075685483871
"397",8,"HB_BUSAVG",2016,30.5671370967742
"398",8,"HB_BUSAVG",2017,27.5070161290323
"399",8,"HB_BUSAVG",2018,31.6615591397849
"400",8,"HB_BUSAVG",2019,126.384086021505
"401",8,"HB_HOUSTON",2016,32.9725403225806
"402",8,"HB_HOUSTON",2017,29.4017204301075
"403",8,"HB_HOUSTON",2018,31.944247311828
"404",8,"HB_HOUSTON",2019,126.625336021505
"405",8,"HB_HUBAVG",2016,30.9485349462366
"406",8,"HB_HUBAVG",2017,27.8386155913979
"407",8,"HB_HUBAVG",2018,31.6945833333333
"408",8,"HB_HUBAVG",2019,126.349838709677
"409",8,"HB_NORTH",2016,29.8283870967742
"410",8,"HB_NORTH",2017,26.8327284946237
"411",8,"HB_NORTH",2018,31.6030510752688
"412",8,"HB_NORTH",2019,126.52185483871
"413",8,"HB_PAN",2019,124.991733870968
"414",8,"HB_SOUTH",2016,31.2079704301075
"415",8,"HB_SOUTH",2017,28.3150268817204
"416",8,"HB_SOUTH",2018,31.6675268817204
"417",8,"HB_SOUTH",2019,125.936545698925
"418",8,"HB_WEST",2016,29.7867338709677
"419",8,"HB_WEST",2017,26.8170430107527
"420",8,"HB_WEST",2018,31.5601209677419
"421",8,"HB_WEST",2019,126.315282258065
"422",8,"LZ_AEN",2016,30.6995161290323
"423",8,"LZ_AEN",2017,27.4656182795699
"424",8,"LZ_AEN",2018,31.7321370967742
"425",8,"LZ_AEN",2019,126.526922043011
"426",8,"LZ_CPS",2016,31.3065725806452
"427",8,"LZ_CPS",2017,28.1375672043011
"428",8,"LZ_CPS",2018,31.865685483871
"429",8,"LZ_CPS",2019,127.696209677419
"430",8,"LZ_HOUSTON",2016,33.5635483870968
"431",8,"LZ_HOUSTON",2017,30.0314784946237
"432",8,"LZ_HOUSTON",2018,32.159623655914
"433",8,"LZ_HOUSTON",2019,126.693387096774
"434",8,"LZ_LCRA",2016,31.1755779569892
"435",8,"LZ_LCRA",2017,27.6780107526882
"436",8,"LZ_LCRA",2018,31.8079704301075
"437",8,"LZ_LCRA",2019,126.670766129032
"438",8,"LZ_NORTH",2016,30.1485752688172
"439",8,"LZ_NORTH",2017,27.0603629032258
"440",8,"LZ_NORTH",2018,31.9715860215054
"441",8,"LZ_NORTH",2019,126.600913978495
"442",8,"LZ_RAYBN",2016,30.1497580645161
"443",8,"LZ_RAYBN",2017,26.8248252688172
"444",8,"LZ_RAYBN",2018,32.5187231182796
"445",8,"LZ_RAYBN",2019,126.897889784946
"446",8,"LZ_SOUTH",2016,31.8233064516129
"447",8,"LZ_SOUTH",2017,33.4578494623656
"448",8,"LZ_SOUTH",2018,33.6906317204301
"449",8,"LZ_SOUTH",2019,127.109018817204
"450",8,"LZ_WEST",2016,30.010564516129
"451",8,"LZ_WEST",2017,27.2139112903226
"452",8,"LZ_WEST",2018,33.2898521505376
"453",8,"LZ_WEST",2019,128.876465053763
"454",9,"HB_BUSAVG",2016,26.86175
"455",9,"HB_BUSAVG",2017,24.1841666666667
"456",9,"HB_BUSAVG",2018,27.1754444444444
"457",9,"HB_BUSAVG",2019,79.615625
"458",9,"HB_HOUSTON",2016,28.7424166666667
"459",9,"HB_HOUSTON",2017,26.5429444444444
"460",9,"HB_HOUSTON",2018,27.5813611111111
"461",9,"HB_HOUSTON",2019,80.5876527777778
"462",9,"HB_HUBAVG",2016,27.1881388888889
"463",9,"HB_HUBAVG",2017,24.5196944444444
"464",9,"HB_HUBAVG",2018,27.0530277777778
"465",9,"HB_HUBAVG",2019,79.4591944444444
"466",9,"HB_NORTH",2016,26.2491805555556
"467",9,"HB_NORTH",2017,23.3461111111111
"468",9,"HB_NORTH",2018,27.2996388888889
"469",9,"HB_NORTH",2019,79.9195833333333
"470",9,"HB_PAN",2019,72.8532916666667
"471",9,"HB_SOUTH",2016,27.4055694444444
"472",9,"HB_SOUTH",2017,25.5150972222222
"473",9,"HB_SOUTH",2018,27.1898055555556
"474",9,"HB_SOUTH",2019,78.9004722222222
"475",9,"HB_WEST",2016,26.35425
"476",9,"HB_WEST",2017,22.6788194444444
"477",9,"HB_WEST",2018,26.1395972222222
"478",9,"HB_WEST",2019,78.42925
"479",9,"LZ_AEN",2016,26.7108611111111
"480",9,"LZ_AEN",2017,24.6288055555556
"481",9,"LZ_AEN",2018,27.1673055555556
"482",9,"LZ_AEN",2019,80.1695972222222
"483",9,"LZ_CPS",2016,28.13025
"484",9,"LZ_CPS",2017,25.1366527777778
"485",9,"LZ_CPS",2018,27.5129861111111
"486",9,"LZ_CPS",2019,82.4363472222222
"487",9,"LZ_HOUSTON",2016,29.0326805555556
"488",9,"LZ_HOUSTON",2017,27.4100277777778
"489",9,"LZ_HOUSTON",2018,27.7224166666667
"490",9,"LZ_HOUSTON",2019,80.7792916666667
"491",9,"LZ_LCRA",2016,27.0399444444444
"492",9,"LZ_LCRA",2017,24.8134305555556
"493",9,"LZ_LCRA",2018,27.1872638888889
"494",9,"LZ_LCRA",2019,82.4672361111111
"495",9,"LZ_NORTH",2016,26.6058611111111
"496",9,"LZ_NORTH",2017,23.9684027777778
"497",9,"LZ_NORTH",2018,27.8858472222222
"498",9,"LZ_NORTH",2019,80.7741527777778
"499",9,"LZ_RAYBN",2016,26.4702638888889
"500",9,"LZ_RAYBN",2017,23.5356805555556
"501",9,"LZ_RAYBN",2018,27.6808888888889
"502",9,"LZ_RAYBN",2019,80.6986388888889
"503",9,"LZ_SOUTH",2016,28.7620138888889
"504",9,"LZ_SOUTH",2017,28.3303472222222
"505",9,"LZ_SOUTH",2018,28.3837638888889
"506",9,"LZ_SOUTH",2019,81.0091111111111
"507",9,"LZ_WEST",2016,26.7676666666667
"508",9,"LZ_WEST",2017,27.0117777777778
"509",9,"LZ_WEST",2018,27.1010972222222
"510",9,"LZ_WEST",2019,83.4711388888889
"511",10,"HB_BUSAVG",2016,25.2048387096774
"512",10,"HB_BUSAVG",2017,23.5632795698925
"513",10,"HB_BUSAVG",2018,29.9578225806452
"514",10,"HB_BUSAVG",2019,28.2470564516129
"515",10,"HB_HOUSTON",2016,28.2495564516129
"516",10,"HB_HOUSTON",2017,30.1412365591398
"517",10,"HB_HOUSTON",2018,30.981935483871
"518",10,"HB_HOUSTON",2019,30.3936021505376
"519",10,"HB_HUBAVG",2016,25.7690591397849
"520",10,"HB_HUBAVG",2017,24.7014516129032
"521",10,"HB_HUBAVG",2018,29.8891129032258
"522",10,"HB_HUBAVG",2019,28.1317607526882
"523",10,"HB_NORTH",2016,24.0052553763441
"524",10,"HB_NORTH",2017,21.4059005376344
"525",10,"HB_NORTH",2018,30.0341666666667
"526",10,"HB_NORTH",2019,27.9959677419355
"527",10,"HB_PAN",2019,18.7167607526882
"528",10,"HB_SOUTH",2016,26.6896639784946
"529",10,"HB_SOUTH",2017,25.5636559139785
"530",10,"HB_SOUTH",2018,29.7725134408602
"531",10,"HB_SOUTH",2019,29.4684005376344
"532",10,"HB_WEST",2016,24.113938172043
"533",10,"HB_WEST",2017,21.6938306451613
"534",10,"HB_WEST",2018,28.7613306451613
"535",10,"HB_WEST",2019,24.6681317204301
"536",10,"LZ_AEN",2016,25.6229032258064
"537",10,"LZ_AEN",2017,24.0199059139785
"538",10,"LZ_AEN",2018,30.31
"539",10,"LZ_AEN",2019,29.2804435483871
"540",10,"LZ_CPS",2016,26.2502956989247
"541",10,"LZ_CPS",2017,25.2759543010753
"542",10,"LZ_CPS",2018,31.6359677419355
"543",10,"LZ_CPS",2019,33.5536021505376
"544",10,"LZ_HOUSTON",2016,28.5458198924731
"545",10,"LZ_HOUSTON",2017,31.3393817204301
"546",10,"LZ_HOUSTON",2018,31.7811155913978
"547",10,"LZ_HOUSTON",2019,30.6423790322581
"548",10,"LZ_LCRA",2016,26.0684408602151
"549",10,"LZ_LCRA",2017,24.4842607526882
"550",10,"LZ_LCRA",2018,30.0698790322581
"551",10,"LZ_LCRA",2019,29.0158064516129
"552",10,"LZ_NORTH",2016,24.5326612903226
"553",10,"LZ_NORTH",2017,21.9384274193548
"554",10,"LZ_NORTH",2018,31.6454166666667
"555",10,"LZ_NORTH",2019,28.7329435483871
"556",10,"LZ_RAYBN",2016,24.4525134408602
"557",10,"LZ_RAYBN",2017,21.3799327956989
"558",10,"LZ_RAYBN",2018,30.6249596774194
"559",10,"LZ_RAYBN",2019,28.5543817204301
"560",10,"LZ_SOUTH",2016,30.0310349462366
"561",10,"LZ_SOUTH",2017,28.4640188172043
"562",10,"LZ_SOUTH",2018,32.1269758064516
"563",10,"LZ_SOUTH",2019,32.9421102150538
"564",10,"LZ_WEST",2016,25.1822580645161
"565",10,"LZ_WEST",2017,22.1733198924731
"566",10,"LZ_WEST",2018,30.0045564516129
"567",10,"LZ_WEST",2019,49.3833602150538
"568",11,"HB_BUSAVG",2016,19.2449027777778
"569",11,"HB_BUSAVG",2017,22.6774583333333
"570",11,"HB_BUSAVG",2018,30.6445
"571",11,"HB_BUSAVG",2019,23.468375
"572",11,"HB_HOUSTON",2016,20.3659305555556
"573",11,"HB_HOUSTON",2017,26.0910555555556
"574",11,"HB_HOUSTON",2018,31.3192361111111
"575",11,"HB_HOUSTON",2019,24.0215
"576",11,"HB_HUBAVG",2016,19.4893055555556
"577",11,"HB_HUBAVG",2017,23.1671388888889
"578",11,"HB_HUBAVG",2018,30.2772083333333
"579",11,"HB_HUBAVG",2019,23.2572361111111
"580",11,"HB_NORTH",2016,18.6648888888889
"581",11,"HB_NORTH",2017,21.5962083333333
"582",11,"HB_NORTH",2018,31.2348888888889
"583",11,"HB_NORTH",2019,23.6286111111111
"584",11,"HB_PAN",2019,11.6612916666667
"585",11,"HB_SOUTH",2016,20.1488333333333
"586",11,"HB_SOUTH",2017,23.9771805555556
"587",11,"HB_SOUTH",2018,29.8371805555556
"588",11,"HB_SOUTH",2019,23.7185555555556
"589",11,"HB_WEST",2016,18.7784166666667
"590",11,"HB_WEST",2017,21.0017916666667
"591",11,"HB_WEST",2018,28.71525
"592",11,"HB_WEST",2019,21.6602638888889
"593",11,"LZ_AEN",2016,19.6400416666667
"594",11,"LZ_AEN",2017,23.0194444444444
"595",11,"LZ_AEN",2018,30.4680833333333
"596",11,"LZ_AEN",2019,24.4080138888889
"597",11,"LZ_CPS",2016,21.7146666666667
"598",11,"LZ_CPS",2017,23.5725694444444
"599",11,"LZ_CPS",2018,32.0412083333333
"600",11,"LZ_CPS",2019,25.5751388888889
"601",11,"LZ_HOUSTON",2016,20.4376805555556
"602",11,"LZ_HOUSTON",2017,26.339625
"603",11,"LZ_HOUSTON",2018,31.7303333333333
"604",11,"LZ_HOUSTON",2019,24.1816111111111
"605",11,"LZ_LCRA",2016,19.5416805555556
"606",11,"LZ_LCRA",2017,23.047125
"607",11,"LZ_LCRA",2018,30.5158055555556
"608",11,"LZ_LCRA",2019,24.4852222222222
"609",11,"LZ_NORTH",2016,18.8305138888889
"610",11,"LZ_NORTH",2017,22.2631666666667
"611",11,"LZ_NORTH",2018,31.974125
"612",11,"LZ_NORTH",2019,24.1536111111111
"613",11,"LZ_RAYBN",2016,18.8753194444444
"614",11,"LZ_RAYBN",2017,21.8291805555556
"615",11,"LZ_RAYBN",2018,33.4524444444444
"616",11,"LZ_RAYBN",2019,24.5175694444444
"617",11,"LZ_SOUTH",2016,20.6333888888889
"618",11,"LZ_SOUTH",2017,27.8657222222222
"619",11,"LZ_SOUTH",2018,33.5444861111111
"620",11,"LZ_SOUTH",2019,25.8037083333333
"621",11,"LZ_WEST",2016,19.3431388888889
"622",11,"LZ_WEST",2017,22.1529166666667
"623",11,"LZ_WEST",2018,31.2240277777778
"624",11,"LZ_WEST",2019,49.3408472222222
"625",12,"HB_BUSAVG",2016,25.3183064516129
"626",12,"HB_BUSAVG",2017,21.1879569892473
"627",12,"HB_BUSAVG",2018,30.268185483871
"628",12,"HB_BUSAVG",2019,18.7150806451613
"629",12,"HB_HOUSTON",2016,25.7276612903226
"630",12,"HB_HOUSTON",2017,21.5490053763441
"631",12,"HB_HOUSTON",2018,30.3335483870968
"632",12,"HB_HOUSTON",2019,18.6725
"633",12,"HB_HUBAVG",2016,25.3625940860215
"634",12,"HB_HUBAVG",2017,21.2098521505376
"635",12,"HB_HUBAVG",2018,30.1919892473118
"636",12,"HB_HUBAVG",2019,18.623373655914
"637",12,"HB_NORTH",2016,25.1490456989247
"638",12,"HB_NORTH",2017,20.952997311828
"639",12,"HB_NORTH",2018,30.3982661290323
"640",12,"HB_NORTH",2019,18.7319892473118
"641",12,"HB_PAN",2019,8.81724462365591
"642",12,"HB_SOUTH",2016,25.7089919354839
"643",12,"HB_SOUTH",2017,21.9979166666667
"644",12,"HB_SOUTH",2018,30.0893010752688
"645",12,"HB_SOUTH",2019,18.9525134408602
"646",12,"HB_WEST",2016,24.8626612903226
"647",12,"HB_WEST",2017,20.3380376344086
"648",12,"HB_WEST",2018,29.9440053763441
"649",12,"HB_WEST",2019,18.1364247311828
"650",12,"LZ_AEN",2016,25.8701747311828
"651",12,"LZ_AEN",2017,21.0629301075269
"652",12,"LZ_AEN",2018,30.0947580645161
"653",12,"LZ_AEN",2019,19.0517069892473
"654",12,"LZ_CPS",2016,26.5964247311828
"655",12,"LZ_CPS",2017,22.048373655914
"656",12,"LZ_CPS",2018,30.3092204301075
"657",12,"LZ_CPS",2019,19.9978629032258
"658",12,"LZ_HOUSTON",2016,25.7368413978495
"659",12,"LZ_HOUSTON",2017,21.9797849462366
"660",12,"LZ_HOUSTON",2018,30.4620698924731
"661",12,"LZ_HOUSTON",2019,18.9198521505376
"662",12,"LZ_LCRA",2016,25.487876344086
"663",12,"LZ_LCRA",2017,21.1176612903226
"664",12,"LZ_LCRA",2018,30.5826612903226
"665",12,"LZ_LCRA",2019,19.4568817204301
"666",12,"LZ_NORTH",2016,25.28625
"667",12,"LZ_NORTH",2017,21.4081317204301
"668",12,"LZ_NORTH",2018,31.1319489247312
"669",12,"LZ_NORTH",2019,19.0068010752688
"670",12,"LZ_RAYBN",2016,25.3195564516129
"671",12,"LZ_RAYBN",2017,21.3126075268817
"672",12,"LZ_RAYBN",2018,31.5535349462366
"673",12,"LZ_RAYBN",2019,19.0850672043011
"674",12,"LZ_SOUTH",2016,26.3268413978495
"675",12,"LZ_SOUTH",2017,25.4042204301075
"676",12,"LZ_SOUTH",2018,32.1127284946237
"677",12,"LZ_SOUTH",2019,19.7868817204301
"678",12,"LZ_WEST",2016,25.1658198924731
"679",12,"LZ_WEST",2017,21.8722580645161
"680",12,"LZ_WEST",2018,34.9808467741936
"681",12,"LZ_WEST",2019,39.5025940860215
